target_name,model_name,rmse_mean,rmse_std,mae_mean,mae_std,fold_count
price_target_0,ElasticNet,0.6039769667002278,0.11614901839167173,0.46264548884916845,0.09288039587252245,5
price_target_12,SARIMAXTuned,1.7662701086802652,0.7286216262807005,1.323242629717435,0.5379089360743836,5
price_target_3,ElasticNetTuned,1.3791606140071189,0.3940575224122768,1.113928067963034,0.26031294548523864,5
price_target_6,ElasticNetTuned,1.7341554223131557,0.3375489085653433,1.4522091644037303,0.23306120642091377,5
wage_target_0,ElasticNet,0.38722873878359104,0.4875632019229015,0.27495480865602373,0.31124716555640514,5
wage_target_12,Persistence,0.6730337917816968,0.3976591852841404,0.46768048459394346,0.15978034152807732,5
wage_target_3,ElasticNet,0.5855567100219052,0.4736383536972827,0.38489526291895687,0.3351065050868896,5
wage_target_6,ElasticNet,0.716353312851827,0.5227775558129798,0.5282354742996828,0.45283799404818664,5
