label,y_col,term,coef,std_error,t_stat,p_value,r2,adj_r2,obs,model_name
Pre-2020,cpi_forward_12,const,2.2862217495148176,0.5806072525357441,3.9376389797577844,8.228727322916223e-05,0.003987657730313621,-0.00019726807754216757,240,baseline_phillips
Pre-2020,cpi_forward_12,unemployment_rate,-0.042134414032532035,0.08663761208487206,-0.4863293553296028,0.6267336692768765,0.003987657730313621,-0.00019726807754216757,240,baseline_phillips
Post-Pandemic (2021-06+),cpi_forward_12,const,-5.92308182679583,1.6367058458278492,-3.6189043021349527,0.000295853010219126,0.47694325349130273,0.46477914310737956,45,baseline_phillips
Post-Pandemic (2021-06+),cpi_forward_12,unemployment_rate,2.481313069589678,0.48159619662702746,5.152268823898817,2.573537648449502e-07,0.47694325349130273,0.46477914310737956,45,baseline_phillips
