target,target_col,horizon,signal,f_stat,p_value,pre_rows,post_rows,k_params
Wage,wage_target_3,3,log_jolts_ratio,3.4302654233171275,0.006874086884788189,87,16,5
Wage,wage_target_6,6,log_jolts_ratio,0.36673269686499416,0.8698195678613795,67,18,5
Wage,wage_target_12,12,log_jolts_ratio,1.2808493619353207,0.3091740328339567,22,9,5
CPI,cpi_target_3,3,log_jolts_ratio,1.7100405054234258,0.17832080220991253,26,4,5
CPI,cpi_target_6,6,log_jolts_ratio,0.4195466730273615,0.8319105828565068,33,12,5
CPI,cpi_target_12,12,log_jolts_ratio,0.4713810465231417,0.7945185376269974,35,5,5
PCE,pce_target_3,3,log_jolts_ratio,0.028717797965455476,0.999527106654806,26,2,5
PCE,pce_target_6,6,log_jolts_ratio,0.7053980143535749,0.6227600687973207,39,11,5
PCE,pce_target_12,12,log_jolts_ratio,1.8818188101928652,0.12344213573554985,37,7,5
