mode,win_count,mean_rmse,mean_mae,mean_oos_r2
Quits,6,0.31770979418172113,0.2715842699796821,-0.04666318986568448
Jobless,6,0.41468817253267526,0.3545606522237173,-1.4335913965486953
Mix,6,0.5203369825102576,0.46795305836772233,-1.06364417765795
AR,6,0.5537530435936535,0.5163788238793611,-1.4424573553463984
Base,3,0.4691487441186248,0.40776714389805596,-0.7386103779100973
Curve,3,1.0651209024261588,0.9183895127075529,-2.1583474993815357
