target_col,target,horizon,model,regime,rmse,mae,oos_r2,row_count,fold_count
wage_target_3,Wage,3,Ridge,pre,0.46337772570223346,0.38077988518319056,0.4033772757803795,28,2
wage_target_6,Wage,6,Huber,pre,0.1952795617841522,0.17494188351973053,0.651814502776545,11,1
